hft_frac,metric,baseline,delay_only,thin_book_only,combined,interaction
0.2,recovery_time,58.46,45.235,23.235,34.75,24.740000000000002
0.2,max_drawdown,0.16143040655326948,0.16886112312438045,0.22526059762066494,0.2544179957041739,0.021726681512397983
0.2,stabilization_gap,0.007369919542247933,0.004952247077920186,-0.003485431235855635,-0.03791028576960449,-0.0320071820694211
0.4,recovery_time,48.915,46.655,28.24,42.87,16.889999999999993
0.4,max_drawdown,0.17528280032717233,0.1860054578804441,0.2865306664710717,0.33199390050280636,0.034740576478462876
0.4,stabilization_gap,0.007300234495441891,0.004296124576230127,-0.03200712550560159,-0.026235643412275435,0.00877559201253792
