hft_frac,metric,n_obs,n_runs,coef_delay_x_thin,se_hc3,t_hc3,p_normal_approx,ci_low,ci_high,positive,ci_excludes_zero
0.2,recovery_time,800,200,24.740000000001793,10.391545533766942,2.380781561280762,0.017275952895461057,4.372570753818586,45.107429246185,True,True
0.2,max_drawdown,800,200,0.021726681512392987,0.015808792578340874,1.3743416143089906,0.16933565282178914,-0.009258551941155126,0.052711914965941103,True,False
0.2,stabilization_gap,800,200,-0.03200718206941965,0.018445332950614433,-1.7352455580561077,0.08269732018974195,-0.06816003465262394,0.004145670513784637,False,False
0.4,recovery_time,800,200,16.89000000000009,10.628693825175676,1.5890946035150209,0.1120390359641474,-3.9422398973442334,37.72223989734441,True,False
0.4,max_drawdown,800,200,0.03474057647845537,0.02222771399427317,1.5629396926470287,0.1180667803933259,-0.008825742950320042,0.07830689590723078,True,False
0.4,stabilization_gap,800,200,0.00877559201253953,0.02747726790002644,0.3193764403531214,0.7494410739686398,-0.045079853071512285,0.06263103709659135,True,False
